"","group_size","flair","subreddit","num_comments"
"1",22554,"","atheism",86859
"2",4033,"","Christianity",44013
"3",1791,"","islam",21290
"4",1109,"Atheist","atheism",8834
"5",604,"Agnostic Atheist","atheism",5261
"6",585,"Anti-Theist","atheism",8812
"7",512,"Christian (Cross)","Christianity",5622
"8",394,"Secular Humanist","atheism",4851
"9",316,"Strong Atheist","atheism",5113
"10",289,"Atheist","Christianity",6241
"11",279,"Roman Catholic","Christianity",5044
"12",189,"Pastafarian","atheism",1330
"13",141,"Humanist","atheism",1599
"14",141,"Skeptic","atheism",2095
"15",127,"Ex-Theist","atheism",1334
"16",110,"Agnostic ","atheism",399
"17",103,"Other","atheism",882
"18",94,"United Methodist","Christianity",1993
"19",88,"Christian (Ichthys)","Christianity",826
"20",84,"Agnostic (a la T.H. Huxley)","Christianity",856
"21",83,"Episcopalian (Anglican)","Christianity",3710
"22",77,"De-Facto Atheist","atheism",621
"23",72,"Apatheist","atheism",780
"24",70,"Lutheran","Christianity",1082
"25",69,"Christian (Chi Rho)","Christianity",1646
"26",69,"Gnostic Atheist","atheism",1462
"27",69,"Nihilist","atheism",401
"28",68,"Baptist","Christianity",874
"29",64,"Eastern Orthodox","Christianity",3497
"30",62,"Southern Baptist","Christianity",725
"31",56,"Theist","atheism",206
"32",54,"Reformed","Christianity",869
"33",53,"Existentialist","atheism",321
"34",53,"LDS (Mormon)","Christianity",1375
"35",52,"Christian Anarchist","Christianity",788
"36",49,"Irreligious","atheism",262
"37",48,"Secular Humanist","Christianity",2482
"38",47,"Satanist","atheism",538
"39",40,"Ignostic","atheism",199
"40",36,"Questioning","Christianity",600
"41",34,"Christian","Christianity",950
"42",34,"Deist","atheism",174
"43",32,"Mennonite","Christianity",921
"44",31,"Anglican Communion","Christianity",1143
"45",31,"Quaker","Christianity",497
"46",30,"Presbyterian","Christianity",767
"47",28,"Agnostic Theist","atheism",197
"48",27,"Humanist","Christianity",508
"49",26,"Lutheran (LCMS)","Christianity",343
"50",25,"Christian Universalist","Christianity",266
"51",25,"Anti-theist","atheism",192
"52",24,"Pantheist","atheism",328
"53",24,"Assemblies of God","Christianity",158
"54",24,"Presbyterian Church (U.S.A.)","Christianity",295
"55",21,"Evangelical Lutheran Church in","Christianity",1279
"56",21,"Evangelical","Christianity",580
"57",21,"Christian (Celtic Cross)","Christianity",593
"58",20,"Christian (LGBT)","Christianity",176
"59",20,"Igtheist","atheism",210
"60",20,"Church of Christ","Christianity",162
"61",19,"Purgatorial Universalist","Christianity",303
"62",19,"Seventh-day Adventist","Christianity",301
"63",18,"Emergent","Christianity",195
"64",18,"Calvary Chapel","Christianity",468
"65",18,"Christian (Alpha &amp; Omega)","Christianity",243
"66",17,"Christian (Cross of St. Peter)","Christianity",244
"67",17,"Unitarian Universalist","Christianity",271
"68",16,"Pentecostal","Christianity",182
"69",16,"Jewish","Christianity",144
"70",15,"Christian &amp; Missionary All","Christianity",49
"71",13,"Charismatic","Christianity",174
"72",13,"Weak Atheist","atheism",126
"73",12,"Nazarene","Christianity",131
"74",12,"Christian Deist","Christianity",2772
"75",12,"Christian (Saint Clement's Cro","Christianity",115
"76",12,"Buddhist","Christianity",98
"77",11,"Catholic","Christianity",228
"78",11,"Sacred Heart","Christianity",205
"79",11,"Church of England (Anglican)","Christianity",185
"80",11,"Deist","Christianity",311
"81",11,"Evangelical Covenant","Christianity",95
"82",11,"Church of the Nazarene","Christianity",49
"83",11,"Gnostic Theist","atheism",126
"84",10,"Disciples of Christ","Christianity",876
"85",10,"United Church of Christ","Christianity",587
"86",10,"Christian Existentialism","Christianity",114
"87",10,"Salvation Army","Christianity",160
"88",10,"Christian Reformed Church","Christianity",69
"89",9,"Christian Atheist","Christianity",246
"90",9,"Theist","Christianity",147
"91",8,"Icon of Christ","Christianity",111
"92",7,"Knight of /new","atheism",748
"93",7,"Muslim","Christianity",261
"94",7,"Anglican Church of Canada","Christianity",126
"95",7,"Ex-Jehovah's Witness","atheism",15
"96",6,"Messianic Jew","Christianity",82
"97",6,"Hindu","Christianity",72
"98",6,"Lutheran (WELS)","Christianity",266
"99",6,"Taoist","Christianity",201
"100",6,"United Pentecostal Church","Christianity",52
